method,accuracy,f1_macro,train_rows_used
SelfTraining_RF,0.2947882736156352,0.07909621818772324,2639
LabelSpreading,0.18892508143322476,0.057267541587402555,6393
Supervised_Only_RF,0.30130293159609123,0.022051373740985755,2504
ClusterPseudoLabel_RF,0.30130293159609123,0.022051373740985755,6393
CoTraining_Consensus_RF,0.1791530944625407,0.014469876348329387,2508
