method,accuracy,f1_macro,train_rows_used
SelfTraining_RF,0.32102908277404923,0.08661485768826825,4403
LabelSpreading,0.2505592841163311,0.0797275439617847,7594
ClusterPseudoLabel_RF,0.33109619686800895,0.031092436974789917,7594
CoTraining_Consensus_RF,0.12751677852348994,0.020515970515970518,3745
Supervised_Only_RF,0.174496644295302,0.018571428571428572,3705
