case_id,image_path,pseudo_label,pseudo_confidence,pseudo_margin,accepted,pseudo_source_method
-393160479288611459,dataset/images/-4215600562180059981.png,OTHER,0.9285387651938922,0.9151706032710893,1,SelfTraining_RF
-8788047348988358356,dataset/images/8292833249013705838.png,OTHER,0.8335694402348538,0.8076568078673342,1,SelfTraining_RF
1247763043380351358,dataset/images/-900427546745360029.png,OTHER,0.9242018071335426,0.910830776486662,1,SelfTraining_RF
-393160479288611459,dataset/images/5348646010244934907.png,OTHER,0.9285387651938922,0.9151706032710893,1,SelfTraining_RF
1247763043380351358,dataset/images/5617465631378641182.png,OTHER,0.9242018071335426,0.910830776486662,1,SelfTraining_RF
-393160479288611459,dataset/images/6921256546150187723.png,OTHER,0.9285387651938922,0.9151706032710893,1,SelfTraining_RF
1247763043380351358,dataset/images/657563882542200126.png,OTHER,0.9242018071335426,0.910830776486662,1,SelfTraining_RF
