method,accuracy,f1_macro,train_rows_used
SelfTraining_RF,0.3273615635179153,0.09787965757387672,2849
LabelSpreading,0.24429967426710097,0.08130332032843995,6393
ClusterPseudoLabel_RF,0.3583061889250814,0.03297362110311751,6393
Supervised_Only_RF,0.3355048859934853,0.0321072319201995,2504
CoTraining_Consensus_RF,0.1791530944625407,0.01899171270718232,2520
