method,accuracy,f1_macro,train_rows_used
SelfTraining_RF,0.30781758957654726,0.07632993942133409,2803
LabelSpreading,0.18892508143322476,0.057267541587402555,6393
Supervised_Only_RF,0.30130293159609123,0.022051373740985755,2504
ClusterPseudoLabel_RF,0.30130293159609123,0.022051373740985755,6393
CoTraining_Consensus_RF,0.30130293159609123,0.022051373740985755,2529
