method,accuracy,f1_macro,train_rows_used
SelfTraining_RF,0.23615635179153094,0.05251121302482463,2505
LabelSpreading,0.16449511400651465,0.03914435605597668,6393
ClusterPseudoLabel_RF,0.24104234527687296,0.013394877364467372,6393
CoTraining_Consensus_RF,0.030944625407166124,0.0020700550198834234,2504
Supervised_Only_RF,0.0,0.0,2504
