{
  "hamming_loss": 0.10348015225666123,
  "f1_micro": 0.30522088353413657,
  "f1_macro": 0.1566697720431316,
  "f1_weighted": 0.282908355689071,
  "precision_micro": 0.2470449172576832,
  "recall_micro": 0.39923591212989495,
  "precision_macro": 0.15374754845121624,
  "recall_macro": 0.20486669490090698,
  "num_classes": 30,
  "num_test_samples": 613,
  "model_name": "xgboost_model",
  "split": "test",
  "classification_report": {
    "Eczema": {
      "precision": 0.39892183288409705,
      "recall": 0.74,
      "f1-score": 0.5183887915936952,
      "support": 200.0
    },
    "Allergic Contact Dermatitis": {
      "precision": 0.3343949044585987,
      "recall": 0.625,
      "f1-score": 0.43568464730290457,
      "support": 168.0
    },
    "Insect Bite": {
      "precision": 0.20588235294117646,
      "recall": 0.546875,
      "f1-score": 0.29914529914529914,
      "support": 64.0
    },
    "Urticaria": {
      "precision": 0.2833333333333333,
      "recall": 0.25757575757575757,
      "f1-score": 0.2698412698412698,
      "support": 66.0
    },
    "Psoriasis": {
      "precision": 0.08984375,
      "recall": 0.41818181818181815,
      "f1-score": 0.14790996784565916,
      "support": 55.0
    },
    "Folliculitis": {
      "precision": 0.27835051546391754,
      "recall": 0.5094339622641509,
      "f1-score": 0.36,
      "support": 53.0
    },
    "Irritant Contact Dermatitis": {
      "precision": 0.25,
      "recall": 0.08888888888888889,
      "f1-score": 0.13114754098360656,
      "support": 45.0
    },
    "Tinea": {
      "precision": 0.13,
      "recall": 0.34210526315789475,
      "f1-score": 0.18840579710144928,
      "support": 38.0
    },
    "Drug Rash": {
      "precision": 0.11290322580645161,
      "recall": 0.30434782608695654,
      "f1-score": 0.16470588235294117,
      "support": 23.0
    },
    "Herpes Zoster": {
      "precision": 0.5714285714285714,
      "recall": 0.12121212121212122,
      "f1-score": 0.2,
      "support": 33.0
    },
    "Herpes Simplex": {
      "precision": 0.21428571428571427,
      "recall": 0.28125,
      "f1-score": 0.24324324324324326,
      "support": 32.0
    },
    "Impetigo": {
      "precision": 0.07317073170731707,
      "recall": 0.13636363636363635,
      "f1-score": 0.09523809523809523,
      "support": 22.0
    },
    "Acute dermatitis, NOS": {
      "precision": 0.0,
      "recall": 0.0,
      "f1-score": 0.0,
      "support": 18.0
    },
    "Pigmented purpuric eruption": {
      "precision": 0.20833333333333334,
      "recall": 0.2777777777777778,
      "f1-score": 0.23809523809523808,
      "support": 18.0
    },
    "Leukocytoclastic Vasculitis": {
      "precision": 0.18181818181818182,
      "recall": 0.125,
      "f1-score": 0.14814814814814814,
      "support": 16.0
    },
    "Acne": {
      "precision": 0.3,
      "recall": 0.35294117647058826,
      "f1-score": 0.32432432432432434,
      "support": 17.0
    },
    "Hypersensitivity": {
      "precision": 0.0,
      "recall": 0.0,
      "f1-score": 0.0,
      "support": 24.0
    },
    "Lichen planus/lichenoid eruption": {
      "precision": 0.0,
      "recall": 0.0,
      "f1-score": 0.0,
      "support": 13.0
    },
    "Viral Exanthem": {
      "precision": 0.0,
      "recall": 0.0,
      "f1-score": 0.0,
      "support": 19.0
    },
    "Pityriasis rosea": {
      "precision": 0.1111111111111111,
      "recall": 0.14285714285714285,
      "f1-score": 0.125,
      "support": 14.0
    },
    "Stasis Dermatitis": {
      "precision": 0.05263157894736842,
      "recall": 0.07142857142857142,
      "f1-score": 0.06060606060606061,
      "support": 14.0
    },
    "Lichen Simplex Chronicus": {
      "precision": 0.16666666666666666,
      "recall": 0.06666666666666667,
      "f1-score": 0.09523809523809523,
      "support": 15.0
    },
    "Molluscum Contagiosum": {
      "precision": 0.0,
      "recall": 0.0,
      "f1-score": 0.0,
      "support": 10.0
    },
    "Granuloma annulare": {
      "precision": 0.0,
      "recall": 0.0,
      "f1-score": 0.0,
      "support": 8.0
    },
    "Scabies": {
      "precision": 0.0,
      "recall": 0.0,
      "f1-score": 0.0,
      "support": 14.0
    },
    "Keratosis pilaris": {
      "precision": 0.2857142857142857,
      "recall": 0.16666666666666666,
      "f1-score": 0.21052631578947367,
      "support": 12.0
    },
    "Rosacea": {
      "precision": 0.36363636363636365,
      "recall": 0.5714285714285714,
      "f1-score": 0.4444444444444444,
      "support": 7.0
    },
    "O/E - ecchymoses present": {
      "precision": 0.0,
      "recall": 0.0,
      "f1-score": 0.0,
      "support": 8.0
    },
    "Acute and chronic dermatitis": {
      "precision": 0.0,
      "recall": 0.0,
      "f1-score": 0.0,
      "support": 8.0
    },
    "CD - Contact dermatitis": {
      "precision": 0.0,
      "recall": 0.0,
      "f1-score": 0.0,
      "support": 13.0
    },
    "micro avg": {
      "precision": 0.2470449172576832,
      "recall": 0.39923591212989495,
      "f1-score": 0.30522088353413657,
      "support": 1047.0
    },
    "macro avg": {
      "precision": 0.15374754845121624,
      "recall": 0.20486669490090698,
      "f1-score": 0.1566697720431316,
      "support": 1047.0
    },
    "weighted avg": {
      "precision": 0.24467000499810657,
      "recall": 0.39923591212989495,
      "f1-score": 0.282908355689071,
      "support": 1047.0
    },
    "samples avg": {
      "precision": 0.23911092985318105,
      "recall": 0.35535617183251766,
      "f1-score": 0.2604469302674849,
      "support": 1047.0
    }
  }
}