{
  "hamming_loss": 0.1506253398586188,
  "f1_micro": 0.2733473242392445,
  "f1_macro": 0.15878900170608393,
  "f1_weighted": 0.27722311281168904,
  "precision_micro": 0.18842676311030743,
  "recall_micro": 0.4976122254059217,
  "precision_macro": 0.1378181292867388,
  "recall_macro": 0.27202817032139953,
  "num_classes": 30,
  "num_test_samples": 613,
  "model_name": "baseline_logreg",
  "split": "test",
  "classification_report": {
    "Eczema": {
      "precision": 0.36363636363636365,
      "recall": 0.94,
      "f1-score": 0.5244072524407253,
      "support": 200.0
    },
    "Allergic Contact Dermatitis": {
      "precision": 0.3031674208144796,
      "recall": 0.7976190476190477,
      "f1-score": 0.43934426229508194,
      "support": 168.0
    },
    "Insect Bite": {
      "precision": 0.16942148760330578,
      "recall": 0.640625,
      "f1-score": 0.2679738562091503,
      "support": 64.0
    },
    "Urticaria": {
      "precision": 0.24271844660194175,
      "recall": 0.3787878787878788,
      "f1-score": 0.2958579881656805,
      "support": 66.0
    },
    "Psoriasis": {
      "precision": 0.10238907849829351,
      "recall": 0.5454545454545454,
      "f1-score": 0.1724137931034483,
      "support": 55.0
    },
    "Folliculitis": {
      "precision": 0.1941747572815534,
      "recall": 0.37735849056603776,
      "f1-score": 0.2564102564102564,
      "support": 53.0
    },
    "Irritant Contact Dermatitis": {
      "precision": 0.10606060606060606,
      "recall": 0.15555555555555556,
      "f1-score": 0.12612612612612611,
      "support": 45.0
    },
    "Tinea": {
      "precision": 0.07534246575342465,
      "recall": 0.2894736842105263,
      "f1-score": 0.11956521739130435,
      "support": 38.0
    },
    "Drug Rash": {
      "precision": 0.08641975308641975,
      "recall": 0.6086956521739131,
      "f1-score": 0.15135135135135136,
      "support": 23.0
    },
    "Herpes Zoster": {
      "precision": 0.25,
      "recall": 0.06060606060606061,
      "f1-score": 0.0975609756097561,
      "support": 33.0
    },
    "Herpes Simplex": {
      "precision": 0.13043478260869565,
      "recall": 0.28125,
      "f1-score": 0.1782178217821782,
      "support": 32.0
    },
    "Impetigo": {
      "precision": 0.0,
      "recall": 0.0,
      "f1-score": 0.0,
      "support": 22.0
    },
    "Acute dermatitis, NOS": {
      "precision": 0.07692307692307693,
      "recall": 0.05555555555555555,
      "f1-score": 0.06451612903225806,
      "support": 18.0
    },
    "Pigmented purpuric eruption": {
      "precision": 0.25,
      "recall": 0.05555555555555555,
      "f1-score": 0.09090909090909091,
      "support": 18.0
    },
    "Leukocytoclastic Vasculitis": {
      "precision": 0.21739130434782608,
      "recall": 0.3125,
      "f1-score": 0.2564102564102564,
      "support": 16.0
    },
    "Acne": {
      "precision": 0.28,
      "recall": 0.4117647058823529,
      "f1-score": 0.3333333333333333,
      "support": 17.0
    },
    "Hypersensitivity": {
      "precision": 0.08695652173913043,
      "recall": 0.16666666666666666,
      "f1-score": 0.11428571428571428,
      "support": 24.0
    },
    "Lichen planus/lichenoid eruption": {
      "precision": 0.14285714285714285,
      "recall": 0.07692307692307693,
      "f1-score": 0.1,
      "support": 13.0
    },
    "Viral Exanthem": {
      "precision": 0.0392156862745098,
      "recall": 0.10526315789473684,
      "f1-score": 0.05714285714285714,
      "support": 19.0
    },
    "Pityriasis rosea": {
      "precision": 0.0,
      "recall": 0.0,
      "f1-score": 0.0,
      "support": 14.0
    },
    "Stasis Dermatitis": {
      "precision": 0.3333333333333333,
      "recall": 0.21428571428571427,
      "f1-score": 0.2608695652173913,
      "support": 14.0
    },
    "Lichen Simplex Chronicus": {
      "precision": 0.027522935779816515,
      "recall": 0.2,
      "f1-score": 0.04838709677419355,
      "support": 15.0
    },
    "Molluscum Contagiosum": {
      "precision": 0.03571428571428571,
      "recall": 0.1,
      "f1-score": 0.05263157894736842,
      "support": 10.0
    },
    "Granuloma annulare": {
      "precision": 0.0,
      "recall": 0.0,
      "f1-score": 0.0,
      "support": 8.0
    },
    "Scabies": {
      "precision": 0.06818181818181818,
      "recall": 0.21428571428571427,
      "f1-score": 0.10344827586206896,
      "support": 14.0
    },
    "Keratosis pilaris": {
      "precision": 0.14285714285714285,
      "recall": 0.08333333333333333,
      "f1-score": 0.10526315789473684,
      "support": 12.0
    },
    "Rosacea": {
      "precision": 0.38461538461538464,
      "recall": 0.7142857142857143,
      "f1-score": 0.5,
      "support": 7.0
    },
    "O/E - ecchymoses present": {
      "precision": 0.0,
      "recall": 0.0,
      "f1-score": 0.0,
      "support": 8.0
    },
    "Acute and chronic dermatitis": {
      "precision": 0.025210084033613446,
      "recall": 0.375,
      "f1-score": 0.047244094488188976,
      "support": 8.0
    },
    "CD - Contact dermatitis": {
      "precision": 0.0,
      "recall": 0.0,
      "f1-score": 0.0,
      "support": 13.0
    },
    "micro avg": {
      "precision": 0.18842676311030743,
      "recall": 0.4976122254059217,
      "f1-score": 0.2733473242392445,
      "support": 1047.0
    },
    "macro avg": {
      "precision": 0.1378181292867388,
      "recall": 0.27202817032139953,
      "f1-score": 0.15878900170608393,
      "support": 1047.0
    },
    "weighted avg": {
      "precision": 0.20850363769034352,
      "recall": 0.4976122254059217,
      "f1-score": 0.27722311281168904,
      "support": 1047.0
    },
    "samples avg": {
      "precision": 0.19688171625365752,
      "recall": 0.433931484502447,
      "f1-score": 0.2535923203133643,
      "support": 1047.0
    }
  }
}