{
  "hamming_loss": 0.09086460032626427,
  "f1_micro": 0.2756827048114434,
  "f1_macro": 0.1423690683937262,
  "f1_weighted": 0.25181718518074697,
  "precision_micro": 0.2523809523809524,
  "recall_micro": 0.3037249283667622,
  "precision_macro": 0.18545326916113164,
  "recall_macro": 0.16053545419909832,
  "num_classes": 30,
  "num_test_samples": 613,
  "model_name": "ffnn_mlp",
  "split": "test",
  "classification_report": {
    "Eczema": {
      "precision": 0.3873015873015873,
      "recall": 0.61,
      "f1-score": 0.47378640776699027,
      "support": 200.0
    },
    "Allergic Contact Dermatitis": {
      "precision": 0.328125,
      "recall": 0.5,
      "f1-score": 0.39622641509433965,
      "support": 168.0
    },
    "Insect Bite": {
      "precision": 0.21428571428571427,
      "recall": 0.375,
      "f1-score": 0.2727272727272727,
      "support": 64.0
    },
    "Urticaria": {
      "precision": 0.32075471698113206,
      "recall": 0.25757575757575757,
      "f1-score": 0.2857142857142857,
      "support": 66.0
    },
    "Psoriasis": {
      "precision": 0.1134020618556701,
      "recall": 0.2,
      "f1-score": 0.14473684210526316,
      "support": 55.0
    },
    "Folliculitis": {
      "precision": 0.2127659574468085,
      "recall": 0.37735849056603776,
      "f1-score": 0.272108843537415,
      "support": 53.0
    },
    "Irritant Contact Dermatitis": {
      "precision": 0.125,
      "recall": 0.044444444444444446,
      "f1-score": 0.06557377049180328,
      "support": 45.0
    },
    "Tinea": {
      "precision": 0.1111111111111111,
      "recall": 0.10526315789473684,
      "f1-score": 0.10810810810810811,
      "support": 38.0
    },
    "Drug Rash": {
      "precision": 0.14285714285714285,
      "recall": 0.13043478260869565,
      "f1-score": 0.13636363636363635,
      "support": 23.0
    },
    "Herpes Zoster": {
      "precision": 1.0,
      "recall": 0.06060606060606061,
      "f1-score": 0.11428571428571428,
      "support": 33.0
    },
    "Herpes Simplex": {
      "precision": 0.6666666666666666,
      "recall": 0.0625,
      "f1-score": 0.11428571428571428,
      "support": 32.0
    },
    "Impetigo": {
      "precision": 0.125,
      "recall": 0.09090909090909091,
      "f1-score": 0.10526315789473684,
      "support": 22.0
    },
    "Acute dermatitis, NOS": {
      "precision": 0.0,
      "recall": 0.0,
      "f1-score": 0.0,
      "support": 18.0
    },
    "Pigmented purpuric eruption": {
      "precision": 0.0,
      "recall": 0.0,
      "f1-score": 0.0,
      "support": 18.0
    },
    "Leukocytoclastic Vasculitis": {
      "precision": 0.2857142857142857,
      "recall": 0.25,
      "f1-score": 0.26666666666666666,
      "support": 16.0
    },
    "Acne": {
      "precision": 0.2727272727272727,
      "recall": 0.17647058823529413,
      "f1-score": 0.21428571428571427,
      "support": 17.0
    },
    "Hypersensitivity": {
      "precision": 0.09090909090909091,
      "recall": 0.08333333333333333,
      "f1-score": 0.08695652173913043,
      "support": 24.0
    },
    "Lichen planus/lichenoid eruption": {
      "precision": 0.0,
      "recall": 0.0,
      "f1-score": 0.0,
      "support": 13.0
    },
    "Viral Exanthem": {
      "precision": 0.05555555555555555,
      "recall": 0.10526315789473684,
      "f1-score": 0.07272727272727272,
      "support": 19.0
    },
    "Pityriasis rosea": {
      "precision": 0.125,
      "recall": 0.14285714285714285,
      "f1-score": 0.13333333333333333,
      "support": 14.0
    },
    "Stasis Dermatitis": {
      "precision": 0.2,
      "recall": 0.07142857142857142,
      "f1-score": 0.10526315789473684,
      "support": 14.0
    },
    "Lichen Simplex Chronicus": {
      "precision": 0.09090909090909091,
      "recall": 0.06666666666666667,
      "f1-score": 0.07692307692307693,
      "support": 15.0
    },
    "Molluscum Contagiosum": {
      "precision": 0.05555555555555555,
      "recall": 0.1,
      "f1-score": 0.07142857142857142,
      "support": 10.0
    },
    "Granuloma annulare": {
      "precision": 0.0,
      "recall": 0.0,
      "f1-score": 0.0,
      "support": 8.0
    },
    "Scabies": {
      "precision": 0.15384615384615385,
      "recall": 0.14285714285714285,
      "f1-score": 0.14814814814814814,
      "support": 14.0
    },
    "Keratosis pilaris": {
      "precision": 0.1111111111111111,
      "recall": 0.16666666666666666,
      "f1-score": 0.13333333333333333,
      "support": 12.0
    },
    "Rosacea": {
      "precision": 0.25,
      "recall": 0.5714285714285714,
      "f1-score": 0.34782608695652173,
      "support": 7.0
    },
    "O/E - ecchymoses present": {
      "precision": 0.125,
      "recall": 0.125,
      "f1-score": 0.125,
      "support": 8.0
    },
    "Acute and chronic dermatitis": {
      "precision": 0.0,
      "recall": 0.0,
      "f1-score": 0.0,
      "support": 8.0
    },
    "CD - Contact dermatitis": {
      "precision": 0.0,
      "recall": 0.0,
      "f1-score": 0.0,
      "support": 13.0
    },
    "micro avg": {
      "precision": 0.2523809523809524,
      "recall": 0.3037249283667622,
      "f1-score": 0.2756827048114434,
      "support": 1047.0
    },
    "macro avg": {
      "precision": 0.18545326916113164,
      "recall": 0.16053545419909832,
      "f1-score": 0.1423690683937262,
      "support": 1047.0
    },
    "weighted avg": {
      "precision": 0.26776593202952026,
      "recall": 0.3037249283667622,
      "f1-score": 0.25181718518074697,
      "support": 1047.0
    },
    "samples avg": {
      "precision": 0.23828555892177425,
      "recall": 0.26101141924959215,
      "f1-score": 0.22666433620756624,
      "support": 1047.0
    }
  }
}