method,accuracy,f1_macro,train_rows_used
SelfTraining_RF,0.25838926174496646,0.062865239952459,3797
LabelSpreading,0.1610738255033557,0.042946596764357074,7594
ClusterPseudoLabel_RF,0.24161073825503357,0.012972972972972974,7594
CoTraining_Consensus_RF,0.07494407158836688,0.011273605148789001,3705
Supervised_Only_RF,0.174496644295302,0.009904761904761906,3705
